Date,Secchi_Ave,Chla_sechi,Chla_deep_euphotic,NO3_sechi,NO3_deep_euphotic,Temp_avg_sechi,Temp_avg_deep_euphotic,Temp_delta,SOI,NINO_34,Q_mean_Blackwood,Q_mean_Upper_Truckee,Q_mean_Ward,precip
1983-11-01,21.875,0.7321466034482759,0.431137875,8.237068965517242,13.979166666666666,7.788362068965517,6.699999999999999,1.0883620689655173,-0.1,-1.1600000000000001,82.81967213114754,201.98360655737704,61.540983606557376,0.3285245901639344
1984-01-01,23.15,0.7786648189655172,0.6189278645833334,7.406896551724138,7.333333333333333,5.510689655172413,5.4425,0.06818965517241367,0.85,-0.43000000000000005,32.15,99.16666666666667,23.816666666666666,0.08183333333333333
1984-03-01,20.45,0.7884800172413794,0.8103770416666668,5.927586206896551,8.533333333333333,5.491522988505747,5.272371031746031,0.21915195675971524,0.09999999999999998,-0.6000000000000001,49.131147540983605,131.0327868852459,34.049180327868854,0.07508196721311475
1984-05-01,20.45,0.5665612413793103,0.82104325,2.5827586206896553,4.675,8.483448275862068,5.68,2.803448275862069,-0.15,-0.815,151.36065573770492,414.37704918032784,109.62295081967213,0.033114754098360656
1984-07-01,21.7,0.15716725862068964,0.753632875,1.8,2.7416666666666667,14.179885057471264,6.407638888888889,7.772246168582376,0.5,-0.37,15.037096774193548,54.274193548387096,11.953225806451613,0.007580645161290323
1984-09-01,25.95,0.28310835344827584,0.8358941458333333,2.8579310344827586,4.724166666666667,14.297931034482758,6.641666666666667,7.6562643678160915,-0.15,-0.505,3.962295081967213,17.918032786885245,2.8393442622950817,0.06311475409836066
1984-11-01,25.25,0.61997,0.6441317916666667,4.4206896551724135,6.125,8.05155172413793,7.195416666666667,0.8561350574712643,0.1,-1.2650000000000001,12.175409836065574,46.68852459016394,8.822950819672132,0.17459016393442622
1985-01-01,29.25,0.8638116810344827,0.8161982916666667,7.333333333333333,8.222222222222221,5.364655172413793,5.287847222222222,0.07680795019157098,0.75,-0.94,8.105084745762712,32.271186440677965,5.555932203389831,0.038135593220338986
1985-03-01,23.6,0.712518801724138,0.9629342291666667,11.36551724137931,14.25,5.356379310344828,4.947916666666667,0.4084626436781612,1.6,-0.985,49.73770491803279,133.1639344262295,33.0672131147541,0.09901639344262295
1985-05-01,20.041666666666668,0.4365779655172414,1.0987738541666667,0.7977011494252874,5.870833333333334,8.229022988505747,5.472916666666666,2.75610632183908,0.04999999999999999,-0.97,79.44262295081967,161.34426229508196,53.94754098360656,0.0063934426229508194
1985-07-01,21.166666666666668,0.38840503448275865,1.0844487708333332,0.5025862068965518,5.4118055555555555,14.148563218390805,6.154166666666667,7.994396551724138,0.7000000000000001,-0.65,4.224193548387097,11.156451612903226,2.197741935483871,0.005161290322580645
1985-09-01,24.625,0.31704175,1.2449236666666668,0.5614942528735632,4.652083333333334,13.513793103448275,6.199305555555556,7.314487547892721,-0.3,-0.595,3.265573770491803,14.191803278688525,2.5475409836065572,0.05557377049180328
1985-11-01,25.708333333333332,0.9364362068965517,1.0034331875,1.0577586206896552,3.8979166666666667,8.275,6.915972222222222,1.359027777777778,0.05000000000000002,-0.39,6.662295081967213,22.524590163934427,6.154098360655738,0.1857377049180328
1986-01-01,26.416666666666668,0.9173936206896551,0.698458875,8.448275862068966,10,5.678879310344827,5.544791666666667,0.13408764367816084,-0.04999999999999993,-0.685,73.47457627118644,189.3050847457627,46.57627118644068,0.4710169491525424
1986-03-01,25.3,0.5256520172413793,0.8977672708333333,8.458620689655172,10.241666666666667,5.517068965517241,5.22625,0.2908189655172414,0.65,-0.375,110.39344262295081,275.0983606557377,72.67213114754098,0.1219672131147541
1986-05-01,23.642857142857142,0.5234111810344828,1.1924248958333334,2.6458333333333335,5.934523809523809,9.167241379310346,6.10390625,3.063335129310345,0.6000000000000001,-0.42000000000000004,134.47540983606558,364.88524590163934,86.81967213114754,0.02459016393442623
1986-07-01,22.3,0.28994944827586205,1.0250089583333333,1.1379310344827587,3.3583333333333334,14.15448275862069,6.293333333333333,7.861149425287356,-0.04999999999999999,0.10500000000000001,12.380645161290323,49.483870967741936,7.29516129032258,0.013548387096774193
1986-09-01,22.791666666666668,0.4207872155172414,0.9157659375,2.175287356321839,6.319444444444445,13.887787356321839,6.656944444444444,7.230842911877395,0.15000000000000002,0.67,5.7639344262295085,13.9,3.0765573770491805,0.056393442622950825
1986-11-01,24.1,0.7510488965517241,0.6972657083333333,2.2620689655172415,7.808333333333334,8.862068965517242,6.72375,2.138318965517241,-2.2,1.065,3.985245901639344,13.491803278688524,2.281967213114754,0.01819672131147541
1987-01-01,23.5,0.9391092672413792,0.9293502708333333,6.713793103448276,7.733333333333333,5.74,5.707916666666667,0.03208333333333311,-1.6,1.1349999999999998,5.93728813559322,25.54237288135593,4.206779661016949,0.13830508474576272
1987-03-01,25.9375,0.8925881034482759,0.9950846666666666,10.203448275862069,11.233333333333333,5.393448275862069,5.1274999999999995,0.2659482758620692,-2.2,0.78,40.33114754098361,87.08196721311475,30.947540983606558,0.05557377049180328
1987-05-01,25.15,0.4496768706896551,0.9810617500000001,2.0413793103448277,6.3,8.54103448275862,5.90875,2.632284482758621,-1.9500000000000002,0.77,35.442622950819676,84.19672131147541,27.678688524590164,0.02
1987-07-01,25.857142857142858,0.18480200689655174,1.1353606541666665,1.1798029556650247,3.363095238095238,14.154926108374383,6.266071428571428,7.888854679802955,-1.85,1.4300000000000002,2.575806451612903,3.903225806451613,0.6695161290322581,0.006129032258064516
1987-09-01,26.15,0.35195344827586206,1.1158690208333333,1.7206896551724138,3.875,15.41051724137931,6.2299999999999995,9.18051724137931,-1.15,1.4449999999999998,1.6442622950819672,3.578688524590164,0.4822950819672131,0.026065573770491804
1987-11-01,22.4,1.1238336206896553,0.92034375,2.8482758620689657,6.558333333333334,9.843275862068966,6.398333333333333,3.444942528735632,-0.4,1.005,3.4836065573770494,13.863934426229509,2.7129508196721313,0.10590163934426229
1988-01-01,25.8,2.1083620689655174,2.1879208333333335,7.703448275862069,8.183333333333334,5.447068965517241,5.376666666666667,0.0704022988505745,-0.4,0.5900000000000001,5.911666666666667,22.216666666666665,3.9516666666666667,0.07466666666666666
1988-03-01,20.65,2.2896339080459773,1.4110624999999999,3.7620689655172415,6.033333333333333,5.815689655172414,5.409166666666667,0.406522988505747,0.65,-0.16999999999999998,29.918032786885245,59.114754098360656,20.89344262295082,0.026557377049180327
1988-05-01,25.55,0.46865,1.21805625,2.8344827586206898,5.433333333333334,8.106724137931035,6.011666666666667,2.095057471264368,0.8,-1.495,32.5,72.54098360655738,21.757377049180327,0.03573770491803279
1988-07-01,29.6,0.2663068965517241,0.91085,2.4275862068965517,3.4499999999999997,14.272068965517242,6.520416666666667,7.7516522988505745,2.1,-1.4649999999999999,2.741935483870968,5.008064516129032,0.7680645161290323,0.00903225806451613
1988-09-01,26.208333333333332,0.33824827586206896,0.9766874999999999,1.9137931034482758,3.9930555555555554,14.542528735632184,6.665625,7.876903735632184,2.65,-1.45,1.6163934426229507,2.006393442622951,0.2378688524590164,0.00639344262295082
1988-11-01,18.9375,0.7297844827586206,0.5702125,4.23448275862069,8.375,8.279827586206897,6.672083333333333,1.6077442528735633,2.4,-2.005,6.249180327868852,17.29344262295082,4.354754098360655,0.22885245901639345
1989-01-01,30.8,0.7853663793103448,0.7935687499999999,10.913793103448276,10.916666666666666,5.389827586206897,5.309583333333333,0.08024425287356322,2.25,-1.72,7.555932203389831,28.23728813559322,4.198305084745763,0.09423728813559322
1989-03-01,24.4,1.3077379310344828,1.1313916666666666,9.479310344827587,11.541666666666666,5.77051724137931,5.12875,0.6417672413793104,2.25,-1.145,99.29508196721312,232.4262295081967,67.03770491803279,0.18967213114754097
1989-05-01,16.95,0.9233043103448275,1.3200979166666666,2.5310344827586206,7.1,9.061896551724137,6.1570833333333335,2.904813218390804,1.6,-0.735,95.67213114754098,225.27868852459017,70.34426229508196,0.03655737704918033
1989-07-01,23.9,0.37718362068965516,1.5268854166666668,2.0965517241379312,4.75,14.291379310344828,6.4275,7.863879310344828,0.5,-0.55,7.343548387096774,19.032258064516128,4.333225806451613,0.024354838709677418
1989-09-01,25.833333333333332,0.7649275862068965,1.1262875,2.2413793103448274,4.465277777777778,14.319540229885057,6.381944444444445,7.937595785440613,1.05,-0.35,5.321311475409836,14.49016393442623,2.949016393442623,0.0981967213114754
1989-11-01,20.25,2.417127586206896,1.5562270833333334,2.5660919540229887,8.618055555555555,9.5875,6.895833333333334,2.691666666666667,-0.65,-0.29000000000000004,6.240983606557377,18.59016393442623,4.5147540983606556,0.06540983606557377
1990-01-01,26.9,1.1020362068965517,0.5230374999999999,6.003448275862069,9.633333333333333,5.894310344827586,5.524166666666667,0.3701436781609194,-1.55,0.11,9.322033898305085,21.93220338983051,6.152542372881356,0.15322033898305085
1990-03-01,26.65,1.0322982758620691,1.1850696428571428,5.779310344827587,7.858333333333333,5.82551724137931,5.2275,0.5980172413793102,-0.19999999999999998,0.06,49.31147540983606,97.93442622950819,34.26393442622951,0.048688524590163935
1990-05-01,19.375,0.5765698275862069,1.5483854166666666,2.353448275862069,6.527777777777778,8.551149425287356,5.962152777777778,2.5889966475095787,1.25,0,51.21311475409836,109.22950819672131,35.31475409836066,0.05016393442622951
1990-07-01,23.55,0.3350931034482758,0.9429479166666667,1.7827586206896553,4.208333333333333,14.184310344827587,6.5025,7.6818103448275865,0.30000000000000004,0.155,4.058064516129032,10.425806451612903,2.095967741935484,0.014193548387096773
1990-09-01,24.3,0.43323793103448277,0.90995,2.0448275862068965,5.408333333333333,14.042241379310344,6.30875,7.733491379310345,-0.39999999999999997,0.215,1.9360655737704917,4.768852459016394,0.698032786885246,0.015245901639344262
1990-11-01,21.6,0.6148198275862069,0.7109604166666667,2.2344827586206897,6.633333333333333,9.045517241379311,6.739583333333333,2.3059339080459775,-0.6000000000000001,0.22499999999999998,2.0081967213114753,7.719672131147541,1.0721311475409836,0.04885245901639344
1991-01-01,20.5,0.9680793103448276,0.8094583333333334,3.0965517241379312,5.416666666666667,5.894827586206897,5.735833333333333,0.15899425287356336,0.7,0.405,2.1271186440677967,9.164406779661016,1.1661016949152543,0.022711864406779664
1991-03-01,25.15,0.6144310344827586,0.5906625,8.789655172413793,10.35,5.496551724137931,5.214166666666666,0.2823850574712644,-1.05,0.11,25.57704918032787,61.49180327868852,15.849180327868853,0.22688524590163933
1991-05-01,19.75,0.6754827586206897,0.9700520833333333,2.5551724137931036,7.975,7.93948275862069,5.776666666666666,2.162816091954023,-0.95,0.39,70.98360655737704,171.2622950819672,45,0.027377049180327868
1991-07-01,23.333333333333332,0.26093793103448276,0.621375,2.362068965517241,3.8819444444444446,13.76867816091954,6.595486111111111,7.17319204980843,-0.35,0.72,6.490322580645161,15.280645161290323,3.5220967741935483,0.03645161290322581
1991-09-01,21.82,0.41241896551724133,0.8147958333333333,2.303448275862069,7.175,15.065862068965517,6.410833333333334,8.655028735632184,-2.1,0.64,2.3508196721311476,6.080327868852459,0.9242622950819672,0.05868852459016393
1991-11-01,23.916666666666668,0.6943612068965518,0.5743958333333333,2.1005747126436782,5.784722222222222,9.616235632183908,6.947916666666667,2.6683189655172415,-2,1.4449999999999998,4.472131147540984,19.59016393442623,2.4098360655737703,0.06114754098360656
1992-01-01,20.7,0.878448275862069,1.0509041666666665,3.2155172413793105,4.166666666666667,6.12,6.094166666666666,0.025833333333333285,-3.1,1.81,6.971666666666667,26.05,3.92,0.10766666666666666
1992-03-01,22.125,0.7546034482758621,0.5779020833333333,5.241379310344827,7.791666666666667,6.281896551724138,5.79375,0.48814655172413807,-2.5,1.29,39.131147540983605,86.26229508196721,26.82295081967213,0.03229508196721311
1992-05-01,23.25,0.26282844827586205,0.7152791666666667,2.086206896551724,6.666666666666667,10.516896551724138,6.194166666666667,4.322729885057472,-0.3,0.81,21.509836065573772,60.16393442622951,13.88360655737705,0.03114754098360656
1992-07-01,23.541666666666668,0.1640534482758621,0.49154791666666664,2,3.354166666666667,14.488362068965518,6.8805555555555555,7.607806513409962,-0.2,0.135,2.443548387096774,9.76774193548387,0.8379032258064516,0.018225806451612904
1992-09-01,28.9,0.10950862068965517,0.2613958333333334,2.086206896551724,2.958333333333333,15.098620689655172,7.038333333333333,8.06028735632184,-1.0999999999999999,-0.18,1.3901639344262295,10.475409836065573,0.5913114754098361,0.06721311475409836
1992-11-01,24.04,0.22934655172413793,0.38475208333333333,2.1293103448275863,3.666666666666667,9.91603448275862,7.451666666666667,2.4643678160919533,-1,-0.21500000000000002,3.4311475409836065,10.275409836065574,2.416393442622951,0.1781967213114754
1993-01-01,26.6,0.35015258620689654,0.32243958333333333,7.870689655172414,8.5,5.606206896551724,5.584583333333334,0.021623563218390807,-1.35,0.275,10.18813559322034,51,5.472881355932204,0.3389830508474576
1993-03-01,22.125,0.8805862068965518,0.6722666666666667,10.112068965517242,15.729166666666666,5.6514367816091955,5.302083333333333,0.349353448275862,-1.35,0.49,61.4327868852459,187.13114754098362,38.58688524590164,0.07426229508196722
1993-05-01,16.208333333333332,0.4027629310344828,0.36162916666666667,5.706896551724138,10.958333333333332,8.252586206896552,5.930555555555555,2.322030651340996,-1,0.565,179.31147540983608,399.6393442622951,135.31147540983608,0.03836065573770492
1993-07-01,20.85,0.14133329741379308,0.5097041666666666,1.8275862068965516,9.770833333333334,14.362068965517242,6.1779166666666665,8.184152298850575,-1.4500000000000002,0.18,27.108064516129033,68.74193548387096,20.496774193548386,0
1993-09-01,24.708333333333332,0.2120873563218391,0.5555277777777778,1.6091954022988506,5.527777777777778,14.788793103448276,6.686111111111111,8.102681992337164,-1.5,0.205,3.2967213114754097,10.231147540983606,1.9098360655737705,0.031967213114754096
1993-11-01,19.8,0.7037801724137931,0.47464375,2.7586206896551726,8.270833333333334,9.218275862068966,6.8725000000000005,2.3457758620689657,0.09999999999999999,0.08,3.057377049180328,11.398360655737704,2.2278688524590162,0.05360655737704918
1994-01-01,21.8,0.9757284482758621,0.6340708333333334,5.560344827586206,10.9375,5.947413793103449,5.823333333333333,0.12408045977011514,0.1,0.08,3.8610169491525426,16.847457627118644,2.435593220338983,0.13271186440677965
1994-03-01,22.85,0.8555206896551724,0.9378645833333332,5.241379310344827,6.0625,5.694540229885058,5.373263888888889,0.3212763409961685,-1.6,0.185,28.888524590163936,73.36065573770492,19.75409836065574,0.02754098360655738
1994-05-01,20.9,0.27606637931034483,0.4371875,3.2844827586206895,7.333333333333334,8.59948275862069,5.60125,2.9982327586206896,-0.9,0.315,40.18688524590164,72.63934426229508,25.022950819672133,0.023442622950819673
1994-07-01,23.833333333333332,0.1418954022988506,0.5569513888888888,1.7701149425287357,6.388888888888888,15.33146551724138,6.5777777777777775,8.753687739463603,-2.1,0.385,2.3306451612903225,2.9,0.5650000000000001,0.001935483870967742
1994-09-01,24.85,0.1516956896551724,0.4075833333333333,2.396551724137931,5.666666666666667,14.553103448275863,6.770416666666667,7.782686781609195,-2.25,0.615,1.329016393442623,3.0245901639344264,0.33081967213114755,0.02360655737704918
1994-11-01,20.45,0.23793620689655173,0.2181625,2.3448275862068964,3.2916666666666665,7.846724137931035,7.4425,0.4042241379310344,-1.45,1.1800000000000002,3.136065573770492,19.962295081967213,1.7465573770491802,0.20524590163934425
1995-01-01,22.55,0.3794853448275862,0.32241875,8.71551724137931,10.458333333333334,5.65,5.55,0.10000000000000035,-0.44999999999999996,0.875,23.60169491525424,71.38983050847457,19.242372881355934,0.29745762711864404
1995-03-01,22.6875,0.2705646551724138,0.34715833333333335,14.724137931034482,15.375,5.457543103448276,5.269791666666666,0.18775143678160955,0.04999999999999993,0.37,66.85245901639344,206.98360655737704,48.59016393442623,0.40508196721311474
1995-05-01,16.875,0.2608931034482759,0.28222291666666666,7.577586206896552,12.8125,7.695402298850575,5.780208333333333,1.9151939655172414,-0.19999999999999998,-0.125,208.47540983606558,604.1803278688525,153.327868852459,0.07983606557377049
1995-07-01,18,0.2577491379310345,0.7108291666666666,2.2155172413793105,7.166666666666667,12.741034482758621,6.314166666666667,6.426867816091954,0.6,-0.42,84.76935483870967,267.61290322580646,63.61774193548387,0.0012903225806451613
1995-09-01,21.9375,0.2636293103448276,0.4492041666666666,2.1982758620689653,8.666666666666668,14.384137931034482,6.011666666666667,8.372471264367817,0.2,-0.86,3.6737704918032787,29.39344262295082,2.598360655737705,4.918032786885246e-4
1995-11-01,25.791666666666668,0.41753103448275863,0.5726708333333332,2.854051724137931,8.099583333333333,10.523563218390805,6.665277777777778,3.8582854406130265,-0.35000000000000003,-1.025,14.054098360655738,40.85901639344262,10.3672131147541,0.1539344262295082
1996-01-01,28.05,0.6817672413793103,0.6351229166666668,5.987844827586207,7.504791666666667,6.101206896551724,5.9279166666666665,0.17329022988505685,1,-0.86,51.5,120.53333333333333,36.36666666666667,0.4058333333333333
1996-03-01,28.5,0.625923275862069,0.611775,14.119109195402299,14.944861111111113,6.429079714600759,5.916896862805262,-0.25514892708460923,1.6,-0.54,62.622950819672134,188.72131147540983,42.26229508196721,0.15836065573770491
1996-05-01,19.8,0.7731215517241379,0.9176958333333334,2.7441379310344827,8.167083333333334,9.711494252873562,6.7638721807668425,1.716584066739499,1.2,-0.41000000000000003,155.36065573770492,426.04918032786884,126.9672131147541,0.08049180327868852
1996-07-01,21.25,0.5085456896551723,1.1026875,1.9692241379310347,5.0614583333333325,13.753017241379311,7.5,6.25301724137931,1.15,-0.33,12.238709677419354,49.16129032258065,7.491290322580645,0.008709677419354838
1996-09-01,21.5,0.48851637931034486,0.8832145833333334,2.0795689655172414,6.125,14.203879310344828,6.992638888888889,7.211240421455939,1,-0.445,2.1934426229508195,11.134426229508197,1.4544262295081967,0.02934426229508197
1996-11-01,21,0.7361801724137931,0.6408395833333334,2.485948275862069,8.053125,8.168620689655173,7.176333333333334,0.9922873563218386,0.7,-0.525,49.05573770491803,127.04918032786885,33.51639344262295,0.4124590163934426
1997-01-01,20.666666666666668,0.5269379310344827,0.46435208333333333,11.903275862068966,12.872291666666667,5.714396551724137,5.707604166666667,0.006792385057470929,1.85,-0.45,117.76271186440678,306.3728813559322,84.84745762711864,0.32440677966101694
1997-03-01,19.375,0.8565508620689655,0.5828,18.366206896551724,21.140208333333334,5.641580459770115,5.485833333333333,0.1557471264367818,-0.85,-0.045,72.78688524590164,205.44262295081967,54.19672131147541,0.03721311475409836
1997-05-01,16.75,1.1338948275862069,1.0030958333333333,5.515402298850574,14.098194444444445,8.940632183908047,6.072916666666667,2.867715517241379,-2.25,0.865,104.67213114754098,304.9016393442623,75,0.03721311475409836
1997-07-01,20.1,0.5317431034482758,0.8240916666666667,2.2143103448275863,11.429166666666667,14.452827586206896,6.390583333333334,8.062244252873562,-1.7999999999999998,1.725,7.338709677419355,31.129032258064516,4.643548387096774,6.451612903225806e-4
1997-09-01,22.666666666666668,0.4087862068965517,0.85372916666666665,2.411810344827586,9.495,14.456522988505748,7.003333333333333,7.453189655172414,-2.4,2.245,2.095081967213115,15.459016393442623,1.840983606557377,0.03229508196721311
1997-11-01,19.625,0.6962689655172414,0.7645791666666667,2.215086206896552,9.33125,8.750775862068965,6.964513888888889,1.7862619731800766,-1.8,2.35,4.1508196721311474,15.295081967213115,2.6885245901639343,0.12459016393442623
1998-01-01,25.25,0.8768474137931035,0.8425958333333333,11.9775,12.537916666666668,5.577206896551724,5.562666666666667,0.014540229885057165,-3.9000000000000004,2.205,15.759322033898306,63.6271186440678,7.588135593220339,0.3993220338983051
1998-03-01,20.625,0.9547939655172414,0.64598125,16.51543103448276,19.320416666666667,5.517284482758621,5.413854166666667,0.10343031609195363,-3.2,1.06,48.80491803278689,177.70491803278688,31.009836065573772,0.1080327868852459
1998-05-01,16.95,0.7843301724137932,0.9413645833333333,3.3821551724137926,13.55375,8.179413793103448,6.090583333333333,2.0888304597701146,1,0.08999999999999997,162.50819672131146,420.0327868852459,134.91803278688525,0.06737704918032787
1998-07-01,19.458333333333332,0.41807241379310345,1.0638958333333335,1.8167241379310344,11.160208333333333,13.85801724137931,6.130902777777777,7.7271144636015325,1.95,-1.135,54.95161290322581,151.3709677419355,33.50483870967742,0.01032258064516129
1998-09-01,18.45,0.5402534482758621,0.758975,2.2832758620689653,12.035208333333333,13.93344827586207,6.177833333333333,7.7556149425287355,1.75,-1.3599999999999999,4.129508196721312,23.065573770491802,2.8737704918032785,0.04967213114754099
1998-11-01,19.375,1.082158620689655,0.37299166666666667,4.751810344827586,19.4725,7.1842672413793105,6.014479166666667,1.1697880747126432,2,-1.575,8.384918032786885,35.05245901639344,6.122950819672131,0.16
1999-01-01,26.75,0.9970284482758621,0.9589333333333333,10.749913793103449,11.242291666666667,5.419896551724138,5.396583333333333,0.02331321839080456,2.3,-1.505,13.36949152542373,47.97627118644068,8.706779661016949,0.37745762711864406
1999-03-01,24.375,0.39217844827586207,0.41240625,19.950775862068966,20.418674242424242,5.2204482758620685,5.119000000000001,0.10144827586206837,2.2,-1.03,34.726229508196724,124.37868852459016,23.78688524590164,0.11163934426229508
1999-05-01,17.2,0.6850275862068966,1.08551875,6.416724137931035,11.823125,8.246206896551724,5.520625,2.7255818965517244,0.4,-1.17,155.9344262295082,461.26229508196724,132.2295081967213,0.022131147540983605
1999-07-01,19.291666666666668,0.46996120689655174,1.2148583333333334,1.7861206896551725,11.155625,13.43353448275862,5.844652777777778,7.588881704980843,0.75,-1.1949999999999998,21.298387096774192,68.79032258064517,14.953225806451613,0.018387096774193548
1999-09-01,20.5625,0.5289456896551724,1.1006166666666668,2.303189655172414,8.342916666666667,14.576163793103449,5.848541666666667,8.727622126436781,0.75,-1.1600000000000001,2.6245901639344265,12.208196721311475,2.0180327868852457,0.033278688524590164
1999-11-01,18.541666666666668,0.8172810344827587,0.5097916666666666,2.5933620689655172,14.624375,9.423764367816093,6.397916666666666,3.025847701149426,2.05,-1.6600000000000001,3.485409836065574,18.508196721311474,3.0665573770491803,0.052295081967213115
2000-01-01,26.1875,0.4238758620689655,0.3700083333333334,15.449913793103448,15.275833333333331,5.329827586206896,5.288125000000001,0.04170258620689604,1.9000000000000001,-1.6600000000000001,13.015,53.083333333333336,10.402,0.3443333333333333
2000-03-01,17.666666666666668,0.8394051724137932,0.7547520833333333,9.366637931034482,10.953125,5.700632183908046,5.320277777777778,0.3803544061302679,2.1,-0.925,53.557377049180324,128.72131147540983,39.26393442622951,0.034918032786885246
2000-05-01,16.458333333333332,0.8204060344827586,1.0702708333333333,2.5263793103448275,6.7368749999999995,8.546637931034482,5.924513888888889,2.622124042145594,0.15,-0.825,103.0327868852459,242.36065573770492,77.47868852459017,0.040491803278688523
2000-07-01,20,0.42046724137931035,1.11521875,2.0118965517241376,4.120625,14.129956896551723,6.326666666666666,7.803290229885057,0.44999999999999996,-0.5800000000000001,6.172580645161291,16.674193548387098,3.633548387096774,0
2000-09-01,21.416666666666668,0.6062974137931034,1.1526604166666665,1.9013793103448275,5.028541666666667,13.966408045977012,6.456736111111111,7.5096719348659,1.6,-0.61,2.1622950819672133,10.645901639344263,1.3186885245901638,0.05327868852459017
2000-11-01,23.2,0.7487353448275862,0.6360916666666667,1.6142241379310345,4.175833333333333,8.597620689655173,6.997583333333333,1.600037356321839,2.15,-0.855,3.148360655737705,12.785245901639344,2.0704918032786885,0.057049180327868855
2001-01-01,23.35,0.6796827586206897,0.6015708333333333,7.450172413793104,8.350624999999999,5.7284827586206895,5.665666666666667,0.06281609195402246,2.2,-0.6799999999999999,3.4791525423728813,16.45762711864407,2.3223728813559323,0.11423728813559322
2001-03-01,24.3,0.6013551724137931,0.5566604166666667,12.38103448275862,12.249375,5.399965517241379,5.135583333333333,0.26438218390804646,0.9,-0.485,27.598688524590163,74.40983606557377,21.827868852459016,0.06360655737704918
2001-05-01,20.9,0.44976206896551724,0.7555666666666667,1.8963793103448274,5.901458333333333,9.003689655172414,6.052083333333333,2.9516063218390807,-0.15000000000000002,-0.265,44.324590163934424,100.1639344262295,35.81639344262295,0.003934426229508197
2001-07-01,24.5,0.32661293103448275,1.1710041666666666,1.9422413793103446,4.007708333333333,14.163551724137932,6.296916666666666,7.866635057471265,-0.5,-0.045,2.035483870967742,2.7661290322580645,0.5333870967741936,0
2001-09-01,21.85,0.36742586206896555,1.0212291666666666,1.9623275862068965,1.8414583333333334,15.328379310344827,6.632666666666666,8.69571264367816,0.09999999999999999,-0.17,1.098032786885246,1.6411475409836065,0.1701639344262295,0.019672131147540985
2001-11-01,20.9,0.5233112068965518,0.72199375,2.5809482758620694,2.916875,6.7381034482758615,6.090625,0.6474784482758618,-0.1499999999999999,-0.39,4.447868852459016,31.95606557377049,3.2767213114754097,0.23721311475409837
2002-01-01,22,0.8314112068965517,0.5798395833333333,7.041896551724138,11.301874999999999,5.634913793103448,5.547777777777777,0.08713601532567077,1.25,-0.095,13.370847457627118,44.31525423728814,8.950338983050848,0.08661016949152542
2002-03-01,28.05,0.6141206896551723,0.7046166666666666,10.103189655172415,13.749374999999999,5.6402758620689655,5.203833333333333,0.4364425287356326,-0.25,0.015,51.09836065573771,126.92295081967212,36.65573770491803,0.10573770491803279
2002-05-01,23.458333333333332,0.8495870689655172,1.4955208333333334,3.0774137931034486,4.587083333333333,8.705689655172414,5.961944444444445,2.7437452107279694,-0.8999999999999999,0.515,89.29836065573771,183.35737704918031,66.05737704918033,0.007049180327868852
2002-07-01,23.65,0.2121706896551724,1.0667125,2.748362068965517,2.6608333333333336,13.448922413793102,6.2475000000000005,7.201422413793103,-1.2000000000000002,0.8049999999999999,5.644193548387097,16.583870967741934,3.2501612903225805,0.0035483870967741938
2002-09-01,23.9,0.22056206896551722,0.5202687500000001,1.8506896551724141,6.096041666666666,14.386275862068965,6.1915,8.194775862068965,-0.8,1.17,1.522950819672131,9.307868852459016,0.4819672131147541,3.278688524590164e-4
2002-11-01,21.9,0.4742525862068966,0.5950854166666666,1.9996551724137932,6.2631250000000005,8.933655172413793,6.709083333333333,2.2245718390804603,-1.25,1.42,5.755901639344263,32.601639344262296,6.268524590163935,0.270327868852459
2003-01-01,21.375,0.8218706896551724,0.7804291666666667,5.215258620689655,6.182291666666667,5.868074712643678,5.8024305555555555,0.06564415708812248,-0.7000000000000001,0.62,18.58813559322034,50.432203389830505,14.214576271186441,0.06372881355932203
2003-03-01,22.5625,0.6580956896551724,0.7156625,4.9638793103448275,5.547708333333333,5.774137931034483,5.555625,0.21851293103448222,-0.35,0.10999999999999999,36.01311475409836,96.63770491803278,29.231967213114753,0.13918032786885245
2003-05-01,20.333333333333332,0.44152931034482756,0.7507479166666667,3.0987068965517244,3.9604166666666667,8.321666666666667,5.947777777777778,2.373888888888889,-0.75,-0.44999999999999996,118.35901639344262,294.95081967213116,92.3639344262295,0.024754098360655737
2003-07-01,21.666666666666668,0.28753275862068967,0.8507020833333334,2.1089655172413795,4.825416666666667,13.207471264367816,6.256527777777778,6.950943486590038,0.35,0.235,8.531129032258065,28.331612903225807,4.025,0.027419354838709678
2003-09-01,20.95,0.4686146551724138,0.840875,2.2851724137931035,5.215833333333333,13.566931034482758,6.547166666666667,7.019764367816092,-0.1,0.345,2.2878688524590163,7.108688524590164,0.6245901639344262,0.001475409836065574
2003-11-01,22.45,0.6429543103448275,0.67195,1.7008620689655172,6.041666666666666,8.531379310344827,6.482395833333333,2.048983477011494,0.65,0.38,3.6719672131147543,16.076065573770492,2.392950819672131,0.19950819672131148
2004-01-01,25.6,0.4983431034482758,0.5353666666666667,8.489913793103447,8.430625,5.592586206896552,5.571,0.021586206896551906,-0.10000000000000009,0.25,5.828666666666667,33,3.860333333333333,0.15516666666666667
2004-03-01,22.9,0.9264396551724138,0.6049979166666666,8.122241379310344,9.822291666666667,5.744448275862069,5.4825,0.2619482758620689,-0.4,0.095,59.31311475409836,147.5,40.728524590163936,0.025573770491803278
2004-05-01,19.833333333333332,0.33457844827586203,0.6391479166666667,2.238965517241379,6.3029166666666665,9.669413793103448,6.16775,3.5016637931034484,0.15000000000000002,0.095,76.8672131147541,151.44918032786885,55.37049180327869,0.017049180327868854
2004-07-01,22.583333333333332,0.2382146551724138,0.8590125,2.4213793103448276,5.4470833333333335,14.312931034482759,6.533611111111111,7.779319923371647,-0.65,0.625,5.7058064516129035,11.20758064516129,3.0838709677419356,0
2004-09-01,22.5,0.35530948275862073,0.7782583333333333,2.4769827586206894,7.7143749999999995,13.819689655172414,6.5445,7.275189655172414,-0.35,0.77,1.7067213114754098,8.025737704918033,1.2549180327868852,0.08655737704918033
2004-11-01,21.25,0.5900758620689655,0.4670333333333333,2.089741379310345,8.304583333333333,9.118922413793102,7.0121875,2.106734913793103,-1.2000000000000002,0.7,3.8718032786885246,23.250819672131147,2.5531147540983605,0.14622950819672131
2005-01-01,24.2,0.7481422413793104,0.7324583333333334,5.8804310344827595,6.318333333333333,5.576931034482759,5.5616666666666665,0.015264367816092061,-2.3000000000000003,0.51,5.868983050847458,26.305084745762713,3.9894915254237286,0.15389830508474575
2005-03-01,25.6875,0.4675508620689655,0.6440104166666667,9.710258620689656,11.840416666666666,5.597137931034483,5.362604166666666,0.23453376436781648,-0.25,0.355,25.32311475409836,109.23114754098361,20.681147540983606,0.13409836065573771
2005-05-01,20.125,0.541198275862069,0.9508854166666667,3.4738793103448273,7.755,7.831698275862069,5.81884375,2.0128545258620685,-0.30000000000000004,0.16999999999999998,183.327868852459,419.2295081967213,159.98032786885247,0.0959016393442623
2005-07-01,19.75,0.3506448275862069,0.9990541666666666,1.8213793103448277,4.4675,13.372097701149425,6.258472222222222,7.1136254789272035,-0.15,-0.14,20.73693548387097,63.02225806451613,14.083064516129033,0.007258064516129032
2005-09-01,21.3,0.3044637931034483,0.8519625000000001,2.0694827586206896,4.1,13.195937931034482,6.662675,6.533262931034482,1.3,-0.05,2.1985245901639345,15.144426229508197,1.3370491803278688,0.030327868852459017
2005-11-01,20.0625,0.5916629310344828,0.48644791666666665,2.1630172413793103,5.476666666666667,8.535862068965518,7.03834375,1.4975183189655168,-0.15,-0.755,61.99590163934426,131.30852459016393,45.87426229508197,0.3462295081967213
2006-01-01,24.375,0.4984094827586207,0.48101458333333336,5.037155172413794,5.530625,5.9255,5.8606388888888885,0.06486111111111163,1.4500000000000002,-0.79,54.884745762711866,175.25762711864408,48.81694915254237,0.21152542372881356
2006-03-01,24.75,0.43761551724137926,0.43200000000000005,11.28155172413793,10.965416666666666,5.219655172413793,5.181805555555556,0.037849616858237546,2.35,-0.515,52.68196721311475,166.72295081967212,43.721311475409834,0.20754098360655737
2006-05-01,15.975,0.3745396551724138,0.49743125,2.1277586206896553,4.334791666666667,9.633172413793103,5.5132916666666665,4.1198807471264365,-0.6000000000000001,-0.045,194,497.73770491803276,158.18360655737706,0.008852459016393442
2006-07-01,16.75,0.3676758620689655,0.8138625,1.83,6.871666666666667,14.48793103448276,5.651291666666667,8.83663936781609,-1.35,0.16,17.538709677419355,60.11290322580645,12.503709677419355,0
2006-09-01,22.583333333333332,0.2179637931034483,0.35094583333333335,1.7417241379310344,7.377916666666667,14.425302459226904,5.73511111111111,8.552780262410552,-1.55,0.6499999999999999,2.262950819672131,12.549180327868852,1.5636065573770492,0.002622950819672131
2006-11-01,21.5625,0.28506724137931033,0.5418625,1.9124137931034482,7.407916666666667,9.714505747126436,6.469791666666667,3.24471408045977,-0.2,1.065,6.5636065573770495,34.71639344262295,6.213770491803278,0.07327868852459016
2007-01-01,26.625,0.6433155172413793,0.6654020833333334,10.52344827586207,10.635416666666666,5.372936781609195,5.351194444444444,0.02174233716475123,-0.7000000000000001,0.415,11.85915254237288,34.67457627118644,8.907118644067797,0.11915254237288135
2007-03-01,25.625,1.0520396551724138,1.0142458333333333,6.241034482758621,7.71,5.298870689655173,5.230979166666668,0.06789152298850532,0.04999999999999999,-0.25,45.12622950819672,115.9,30.5355737704918,0.029213114754098362
2007-05-01,19.625,0.19520603448275864,0.95063125,5.581034482758621,10.28375,9.898627586206896,5.833266666666667,4.06536091954023,0.35,-0.41,52.08655737704918,115.9655737704918,32.2372131147541,0.012475409836065574
2007-07-01,20.325,0.2465508620689655,1.07344375,2.8884482758620686,7.482708333333333,15.025196551724138,6.059333333333333,8.965863218390805,0.09999999999999998,-0.655,3.046774193548387,5.31983870967742,0.7293548387096774,0.0012903225806451613
2007-09-01,19.75,0.37632241379310344,0.6682482142857142,2.60448275862069,9.824821428571429,13.780831896551724,6.31828125,7.462550646551724,0.75,-1.25,1.7773770491803278,4.931311475409836,0.7027868852459016,0.037885245901639344
2007-11-01,19.75,0.47308793103448277,0.5938958333333333,1.9389655172413796,12.4025,9.524758620689655,6.786979166666667,2.7377794540229883,2.05,-1.56,2.469344262295082,11.293278688524591,1.6098360655737705,0.05234426229508197
2008-01-01,27.395833333333332,0.7708112068965518,0.6492666666666667,11.115086206896551,13.131666666666668,5.073827586206896,5.0435694444444445,0.030258141762452045,3.6500000000000004,-1.6749999999999998,3.324666666666667,19.073333333333334,2.1515,0.14071666666666666
2008-03-01,29.625,0.3738077586206897,0.37898125,16.48948275862069,16.728958333333335,5.02925,4.919375,0.10987500000000017,1.75,-1.1,30.59409836065574,92.6655737704918,19.094918032786886,0.020508196721311475
2008-05-01,15.225,0.6970812500000001,0.856875,2.3701724137931035,8.903333333333332,8.874237931034482,5.815333333333333,3.058904597701149,0.45,-0.76,81.31311475409836,160.3754098360656,52.148360655737704,0.009377049180327869
2008-07-01,14.083333333333334,0.28047489224137934,0.8526604166666667,2.094051724137931,9.35,14.441002873563217,5.862965277777778,8.578037595785439,1.1,-0.215,4.2783870967741935,9.216774193548387,1.5411290322580644,1.6129032258064517e-5
2008-09-01,20.1,0.40108706896551727,0.834625,1.3714655172413794,5.896458333333333,15.077572285301645,6.190483333333334,9.285534291393912,2.05,-0.3,1.619344262295082,6.23311475409836,0.34114754098360656,0.017245901639344263
2008-11-01,22.0625,0.6131758620689655,0.6770458333333332,1.865,10.423809523809524,10.91141379310345,6.147,4.764413793103449,2.3,-0.66,2.658032786885246,17.567049180327867,2.4818032786885245,0.08362295081967212
2009-01-01,24.833333333333332,1.3104344827586207,1.082325,4.107586206896552,5.0625,5.59830459770115,5.533236111111111,0.06506848659003832,2.45,-0.8400000000000001,4.956271186440678,35.398305084745765,5.917118644067797,0.08035593220338982
2009-03-01,24.433333333333334,0.5875224137931034,0.7488458333333334,9.380689655172414,10.885,5.407310344827587,5.207833333333333,0.19947701149425345,1,-0.52,43.221803278688526,114.78524590163934,29.98688524590164,0.11429508196721312
2009-05-01,18.0875,0.3007258620689655,1.1553416666666665,1.4053448275862068,6.0858333333333325,10.203255172413794,5.864830952380952,4.338424220032841,0,0.185,118.20327868852459,255.85737704918031,81.36229508196722,0.07426229508196722
2009-07-01,16.8125,0.22562758620689657,0.9696791666666668,1.003103448275862,3.9275,13.227297413793103,6.01946875,7.207828663793103,0.05000000000000002,0.52,5.101451612903226,15.593548387096774,2.5391935483870967,0.003870967741935484
2009-09-01,19.84375,0.3417287356321839,0.7516763888888889,1.3637931034482758,6.675972222222222,14.638293103448277,6.46815625,8.170136853448277,-0.75,0.785,2.9711475409836066,13.994098360655737,1.2263934426229508,0.05760655737704918
2009-11-01,19.6875,0.6575387931034483,0.5242875,1.5619396551724138,8.557395833333333,8.972780172413792,6.671666666666667,2.301113505747126,-1.1,1.6,2.6731147540983606,14.504918032786886,1.6062295081967213,0.08036065573770493
2010-01-01,22.025,1.0331676005747126,0.8217289772727273,4.362586206896552,6.940833333333334,5.698284482758621,5.64221875,0.05606573275862092,-2.1,1.385,4.787796610169491,28.24406779661017,3.871864406779661,0.15801694915254239
2010-03-01,24.36875,0.5742684626436781,0.5672272727272727,10.069568965517242,11.57625,5.4328017241379305,5.267635416666667,0.16516630747126415,0.44999999999999996,0.64,19.715737704918034,88.1655737704918,17.57639344262295,0.09644262295081968
2010-05-01,15.78125,0.6883451508620688,0.5919693181818182,2.6706537356321842,8.523125,7.062288793103448,5.774177083333334,1.288111709770114,1.05,-0.45499999999999996,141.70491803278688,297.2295081967213,106.88688524590164,0.031
2010-07-01,14.9375,0.22186041666666667,0.8057590909090909,1.763448275862069,5.23625,14.469165517241379,6.4027666666666665,8.066398850574712,3,-1.23,16.271290322580644,45.10193548387097,13.600806451612904,0.004532258064516129
2010-09-01,19.05,0.3327452227011495,0.8733331439393939,1.7291630747126436,5.848333333333333,14.2756,6.265475,8.010125,3.3,-1.645,8.142295081967212,38.06967213114754,4.718524590163934,0.12542622950819673
2010-11-01,21.2125,0.687166091954023,0.5763761363636364,4.027931034482759,8.504166666666666,8.869250000000001,6.624864583333333,2.2443854166666672,3.45,-1.62,28.08573770491803,93.23606557377049,19.811967213114755,0.2987213114754098
2011-01-01,24.225,1.2847241379310343,1.4190625,4.700172413793104,4.005416666666666,5.746590517241379,5.712614583333333,0.033975933908045874,4.15,-1.3250000000000002,22.833898305084745,69.24915254237288,12.729322033898304,0.1251186440677966
2011-03-01,27.425,1.0618603448275863,0.9847874999999999,13.908103448275861,17.748333333333335,5.182413793103448,5.043083333333334,0.13933045977011504,3.6500000000000004,-0.8500000000000001,50.950819672131146,183.79180327868852,29.639016393442624,0.24114754098360655
2011-05-01,17.5,0.6958,1.2931020833333333,3.791551724137931,7.074166666666667,8.177758620689655,5.946020833333333,2.231737787356323,0.5,-0.45,192.13114754098362,495.5245901639344,154.7934426229508,0.06854098360655737
2011-07-01,13.766666666666667,0.35266982758620685,1.0480020833333334,2.206637931034483,7.526666666666667,12.537735632183908,6.035319444444444,6.502416187739463,1.15,-0.54,84.78983870967743,208.53709677419354,56.914032258064516,4.838709677419355e-4
2011-09-01,20.016666666666666,0.41035574712643674,0.7482083333333334,1.628103448275862,7.334305555555555,14.597833333333334,6.1872638888888885,8.410569444444446,1.45,-0.925,2.6260655737704917,24.324590163934428,3.62,0.031016393442622952
2011-11-01,22.25,0.6900362068965517,0.47735833333333333,1.6894827586206895,9.563749999999999,9.248389655172414,6.326858333333334,2.92153132183908,2.9499999999999997,-1.125,3.63672131147541,19.354098360655737,3.0301639344262297,0.01580327868852459
2012-01-01,26.75,0.9323275862068965,0.8658625,11.849396551724137,12.40625,5.609689655172414,5.564864583333333,0.0448250718390808,1.3,-0.77,8.362166666666667,36.818333333333335,7.059166666666667,0.12156666666666667
2012-03-01,27.9375,0.5571913793103448,0.7773791666666666,12.659741379310343,14.119583333333335,5.484126436781609,5.182069444444444,0.30205699233716504,0.39999999999999997,-0.5549999999999999,53.69508196721311,132.13934426229508,40.55344262295082,0.1462950819672131
2012-05-01,20.5,0.347871551724138,0.9786083333333333,3.0188793103448273,10.022083333333333,10.054465517241379,5.711833333333333,4.342632183908046,-0.3,-0.15,58.810819672131146,130.17868852459017,43.875901639344264,0.015442622950819673
2012-07-01,18.75,0.30457327586206895,0.7996916666666667,1.5827586206896551,6.319583333333333,14.968522988505747,6.254958333333334,8.713564655172412,-0.2,0.36,3.3611290322580643,7.471451612903226,1.2706451612903227,0.01664516129032258
2012-09-01,21.666666666666668,0.3339663793103448,0.8869479166666666,1.3077586206896552,5.604583333333333,16.401919540229883,6.420986111111111,9.980933429118775,0.45,0.32,1.5698360655737704,5.878032786885246,0.5008196721311475,0.027377049180327868
2012-11-01,21.5,0.6997741379310345,0.5662104166666667,2.3129310344827587,8.842083333333333,10.071005747126437,7.075541666666667,2.9954640804597696,-0.3,-0.045,30.41688524590164,72.86229508196722,29.59344262295082,0.27301639344262296
2013-01-01,24.166666666666668,0.6936426724137931,0.6825821428571428,5.179870689655173,9.346562500000001,5.838270114942529,5.797958333333334,0.04031178160919483,-0.25,-0.525,12.31542372881356,43.9271186440678,9.144745762711864,0.01135593220338983
2013-03-01,22.5,0.6875112068965517,0.798953869047619,8.046810344827588,9.851041666666667,6.283827586206897,5.569222222222222,0.714605363984675,1.45,-0.25,43.445901639344264,109.89508196721312,30.189016393442625,0.03829508196721312
2013-05-01,18,0.4182586206896552,1.0148916666666667,1.3513793103448275,5.110416666666667,10.01603448275862,6.213749999999999,3.8022844827586213,1.65,-0.41000000000000003,41.77704918032787,126.5622950819672,30.797377049180326,0.04642622950819672
2013-07-01,18.55,0.3056873563218391,0.8152791666666667,1.8214942528735631,5.247083333333333,14.60446551724138,6.473325,8.13114051724138,0.8,-0.385,3.099032258064516,11.003387096774194,1.3841935483870969,0.004516129032258065
2013-09-01,21.35,0.38074540229885057,0.7544194444444444,1.7241379310344827,7.081458333333334,15.288503448275863,6.608408333333333,8.680095114942528,0.2,-0.19,1.4914754098360656,6.609508196721311,0.29032786885245904,0.017918032786885245
2013-11-01,23.375,0.5567954022988506,0.5893972222222222,2.2761494252873566,6.620000000000001,9.722353448275863,7.193479166666666,2.5288742816091965,0.65,-0.15500000000000003,1.889672131147541,9.687377049180329,0.9926229508196721,0.027901639344262295
2014-01-01,24.285714285714285,0.9782275862068965,0.74700625,4.1425,9.623333333333333,6.4652832512315275,6.170357142857143,0.294926108374384,1.25,-0.5549999999999999,9.00593220338983,43.88033898305085,5.102542372881356,0.16984745762711864
2014-03-01,25.25,0.63219375,0.9575333333333333,1.7663793103448275,3.6158333333333337,6.148568965517241,5.817635416666667,0.3309335488505749,-0.09999999999999998,-0.1,35.454098360655735,95.01967213114754,24.878524590163934,0.0710327868852459
2014-05-01,25.833333333333332,0.2789793103448276,0.7471652777777779,1.8024137931034483,3.495,9.146218390804597,6.560833333333333,2.5853850574712642,0.6,0.275,32.332950819672135,103.82295081967213,18.414590163934427,0.015442622950819673
2014-07-01,23.6875,0.22442931034482758,0.9106000000000001,1.8077586206896554,1.3375,15.947650862068965,8.08415625,7.8634946120689655,-0.75,-0.045,2.0938709677419354,7.764838709677419,0.23080645161290322,0.023483870967741936
2014-09-01,19.5,0.32332758620689656,0.8113277777777776,2.057241379310345,3.216388888888889,15.59225,7.164687499999999,8.4275625,-1.1,0.365,1.4008196721311474,4.945409836065574,0.24655737704918032,0.025737704918032785
2014-11-01,23.9375,0.6155775862068965,0.6296833333333334,1.600862068965517,5.019791666666666,10.335711206896551,7.280635416666667,3.0550757902298846,-1.2,0.73,7.57344262295082,24.171639344262296,5.094754098360656,0.11355737704918033
2015-01-01,21.46875,0.8290163793103449,0.7284041666666666,2.289913793103448,3.42875,6.841288793103448,6.714666666666666,0.12662212643678172,-0.49999999999999994,0.46499999999999997,23.909830508474577,52.9271186440678,15.803220338983051,0.09084745762711864
2015-03-01,22.15625,0.7271560344827587,0.9186854166666667,1.4987068965517243,2.2783333333333333,6.922475862068966,6.515691666666666,0.406784195402299,-0.65,0.585,21.18360655737705,50.329508196721314,13.759016393442623,0.038098360655737705
2015-05-01,22.45,0.24679482758620688,0.8490916666666667,1.6488793103448276,3.0125,10.64793103448276,7.143090277777778,3.5048407567049815,-1.05,1.05,14.700983606557378,48.31803278688525,10.709180327868852,0.03704918032786885
2015-07-01,21.291666666666668,0.18536657310879442,0.60315,2.2998275862068964,3.9338888888888888,14.820620689655172,7.19346875,7.627151939655172,-2.15,1.6949999999999998,1.6858064516129032,4.916935483870968,0.3554838709677419,0.011451612903225807
2015-09-01,22.541666666666668,0.23828534482758623,0.7860416666666666,2.0794827586206894,3.6241666666666665,15.039850574712643,7.527236111111112,7.512614463601532,-2.75,2.285,1.1042622950819672,3.858032786885246,0.16967213114754098,0.036721311475409836
2015-11-01,21.53125,0.7992525862068967,0.6229874999999999,3.3130956112852665,6.719583333333333,9.77869827586207,7.7145520833333325,2.064146192528736,-0.8500000000000001,2.6900000000000004,5.159836065573771,21.794262295081968,4.498032786885246,0.15491803278688523
2016-01-01,26.875,0.6408293103448275,0.60450625,7.2604310344827585,7.833541666666667,6.066538793103447,6.005083333333333,0.06145545977011446,-3.4000000000000004,2.415,28.421166666666668,64.08,20.550333333333334,0.15183333333333335
2016-03-01,22.84375,0.5008094827586207,0.7248374999999999,5.181637931034483,7.8341666666666665,6.729883620689655,5.989875,0.740008620689655,-1.05,1.2650000000000001,89.31311475409836,209.37704918032787,61.760655737704916,0.1598360655737705
2016-05-01,16.75,0.33379310344827584,0.8722749999999999,1.5047413793103448,4.928541666666667,9.441506896551724,6.544208333333334,2.8972985632183907,0.9,0.135,89.98688524590163,269.0967213114754,61.59508196721311,0.021311475409836064
2016-07-01,17.125,0.2334353448275862,0.7225937499999999,2.0813793103448277,3.889166666666667,15.007789655172415,6.98695,8.020839655172415,0.95,-0.53,5.228709677419355,18.934838709677418,2.9101612903225806,0.0017741935483870969
2016-09-01,21.025,0.35108534482758624,0.7698541666666667,1.5935344827586206,5.317083333333333,13.8903,7.222083333333333,6.668216666666666,0.8,-0.6599999999999999,12.3027868852459,NA,7.883770491803278,0.14918032786885246
2016-11-01,22,0.5442810344827587,0.474525,1.0817241379310345,7.51875,9.253465517241379,7.2493645833333336,2.0041009339080462,0.15,-0.63,57.66032786885246,110.3,44.86229508196721,0.15377049180327867
2017-01-01,26.4375,0.648653448275862,0.6528625000000001,13.104655172413793,14.00104166666667,5.652219827586207,5.621677083333333,0.030542744252873844,0.09999999999999999,-0.255,102.92372881355932,325.47966101694914,91.3135593220339,0.6469491525423728
2017-03-01,20.875,0.47091896551724133,0.5592541666666667,15.129655172413793,14.595416666666667,5.443094827586207,5.328583333333333,0.11451149425287399,0.6,0.125,89.57213114754099,308.9836065573771,65.07540983606557,0.15163934426229508
2017-05-01,15.5625,0.5959683908045977,0.7174208333333333,1.8251149425287356,7.342222222222222,9.511769101337773,5.967520008011198,3.7575370839920152,-0.14999999999999997,0.355,243.88524590163934,696.5245901639345,199.97213114754098,0.02
2017-07-01,16.825,0.44523908045977006,0.8415694444444445,1.924425287356322,5.5075,15.114649425287357,6.326784722222222,8.787864703065134,1.1,0.045,28.923387096774192,129.81612903225806,24.490806451612904,0.018225806451612904
2017-09-01,15.625,0.7759051724137931,0.5699749999999999,1.2712068965517243,6.7275,13.625732758620689,6.581895833333333,7.043836925287357,1.25,-0.495,NA,19.62295081967213,2.5624590163934426,0.03573770491803279
2017-11-01,15.9375,1.064323275862069,0.7625729166666666,2.413706896551724,7.083333333333334,8.166,7.4056041666666665,0.7603958333333327,0.65,-0.975,23.801147540983607,72.42131147540984,20.126393442622952,0.14147540983606557
2018-01-01,20.7,1.0040258620689655,0.88826875,2.711293103448276,4.147916666666667,6.310124999999999,6.0724583333333335,0.23766666666666625,0.5,-0.88,19.886949152542375,43.91016949152542,17.966101694915253,0.0852542372881356
2018-03-01,26.5,0.48755862068965516,0.4320833333333334,15.056293103448276,16.425208333333334,5.701521551724138,5.449520833333333,0.25200071839080507,1.6,-0.655,78.96901639344263,218.68196721311475,68.11786885245901,0.24426229508196723
2018-05-01,18.2,0.43717068965517236,1.3159875,1.7393103448275862,7.758125,9.823706896551725,5.939333333333333,3.8843735632183916,0.19999999999999998,-0.08,62.64655737704918,156.8622950819672,46.91,0.042131147540983606
2018-07-01,17.291666666666668,0.31131896551724136,0.6742666666666667,1.9475,9.929166666666667,15.429675287356321,6.2030763888888885,9.226598898467433,-0.04999999999999999,0.105,3.2158064516129032,10.089516129032258,1.6182258064516128,0.004677419354838709
2018-09-01,23.4375,0.3907267241379311,0.79188125,1.9023275862068965,10.757708333333333,14.73583620689655,6.276989583333334,8.458846623563218,-0.45,0.685,1.522950819672131,5.818196721311476,0.5860655737704918,0.01344262295081967
2018-11-01,22.333333333333332,0.6148448275862068,0.5461354166666667,1.9369827586206898,9.321458333333334,10.675936781609195,6.678458333333333,3.997478448275862,0.7999999999999999,0.895,2.8624590163934425,15.064426229508197,1.9457377049180329,0.10295081967213114
2019-01-01,26.375,0.9687810344827587,0.8986708333333334,9.067586206896552,9.479999999999999,5.798080459770115,5.737638888888889,0.060441570881226404,-1.2,0.6799999999999999,17.888983050847457,56.094915254237286,12.001186440677966,0.43338983050847457
2019-03-01,19.5,0.9780103448275863,0.8698125000000001,14.316896551724138,15.723958333333332,5.737816091954023,5.330055555555556,0.40776053639846727,-0.15,0.7150000000000001,65.70491803278688,207.84918032786885,44.549180327868854,0.11229508196721312
2019-05-01,12.375,1.0132051724137932,1.0624791666666669,1.7737931034482761,12.544166666666666,8.738336206896552,5.5482499999999995,3.1900862068965528,-0.7,0.5,177.92950819672132,436.60655737704917,145.7295081967213,0.05147540983606558
2019-07-01,15.2,0.5824215517241379,1.2048145833333335,1.8686206896551723,10.147916666666667,13.655362068965518,6.007739583333334,7.6476224856321835,-0.4,0.19499999999999998,26.43274193548387,77.55967741935484,19.12516129032258,0
2019-09-01,18.9,0.6608379310344827,1.0406229166666665,1.5232758620689655,8.600624999999999,13.740658620689656,6.297233333333334,7.443425287356322,-1.25,0.255,2.709016393442623,10.987868852459016,1.5149180327868852,0.018032786885245903
2019-11-01,18.75,0.8889551724137932,0.6183958333333334,1.9717241379310346,8.577708333333334,9.455198275862069,6.585260416666666,2.8699378591954026,-1.15,0.52,4.571475409836066,20.249344262295082,3.109344262295082,0.15524590163934426
2020-01-01,20.324,1.1136366896551724,0.8305930625,7.445862068965518,10.963958333333332,5.700351724137931,5.548758333333333,0.1515933908045982,0.09999999999999999,0.485,6.5201666666666664,22.025,4.448333333333333,0.039
2020-03-01,18.625,0.8041375129310344,0.9300940208333334,4.76146551724138,8.489479166666666,6.434379310344828,5.511145833333333,0.9232334770114949,0.04999999999999999,0.42,32.26672131147541,71.1311475409836,24.859016393442623,0.10754098360655738
2020-05-01,16.274,0.49463833620689657,1.0295949791666668,2.0770689655172414,6.015000000000001,9.78423448275862,5.930916666666667,3.8533178160919537,0.04999999999999999,-0.30500000000000005,72.7288524590164,129.3065573770492,45.52655737704918,0.02934426229508197
2020-07-01,18.05,0.34051290517241384,0.8872945416666667,1.9249999999999998,9.721041666666668,14.98396551724138,6.244075,8.73989051724138,1.25,-0.44499999999999995,3.2603225806451612,8.282096774193548,1.4445161290322581,0.004516129032258064
2020-09-01,20.2,0.5363120689655172,0.9112953125000001,1.4504310344827587,7.1033333333333335,15.929599999999999,6.390616666666666,9.538983333333332,1.15,-1.045,1.4083606557377049,5.352622950819672,0.0539344262295082,1.639344262295082e-4
